"ECOLE_ID","ECOLE_NAME_FR","ECOLE_NAME_UK","ECOLE_SHORT_NAME","ECOLE_SHORT_NAME_UK","COUNTRY_ID"
"448f50a5-7edb-4a86-b9da-72da763336c8","CENTRE D'INSTRUCTION DU BATAILLON DES TRANSMISSIONS","CENTRE D'INSTRUCTION DU BATAILLON DES TRANSMISSIONS","CI-BATRANS","CI-BATRANS","02"
"1","CENTRE DE PERFECTIONNEMENT ET D'ENTRAINEMENT DES FORCES ARMEES NATIONALES","CENTRE DE PERFECTIONNEMENT ET D'ENTRAINEMENT DES FORCES ARMEES NATIONALES","CPEFAN","CPEFAN","02"
"bd184664-bbd3-4003-b45f-979d373673c1","ECOLE D'APPLICATION DES OFFICIERS DE LA GENDARMERIE NATIONALE","ECOLE D'APPLICATION DES OFFICIERS DE LA GENDARMERIE NATIONALE","EAOGN","EAOGN","02"
"faab488a-d279-4c26-b879-a18a502bcf7a","ECOLE DES SOUS OFFICIERS DE LA GENDARMERIE NATIONALE","ECOLE DES SOUS OFFICIERS DE LA GENDARMERIE NATIONALE","ESOGN","ESOGN","02"
"09c4df9a-e43b-4484-8016-92f2a2a454f1","COMMANDEMENT DES ECOLES ET CENTRES D'INSTRUCTIONS DE LA GENDARMERIE","COMMANDEMENT DES ECOLES ET CENTRES D'INSTRUCTIONS DE LA GENDARMERIE","CECIG","CECIG","02"
"83","ACADEMIE MILITAIRE D'APPROVISSIONEMENT DE MATERIEL ET DE TECHNIQUE DE SAINT PETERSBOURG","ACADEMIE MILITAIRE D'APPROVISSIONEMENT DE MATERIEL ET DE TECHNIQUE DE SAINT PETERSBOURG","","","44"
"84","ACADEMIE MILITAIRE DE RUSSIE","ACADEMIE MILITAIRE DE RUSSIE","","","44"
"85","ECOLE MILITAIRE DE MEDECINE SAINT PETERSBOURG ","ECOLE MILITAIRE DE MEDECINE SAINT PETERSBOURG ","","","44"
"86","ECOLE NAVALE RUSSIE","ECOLE NAVALE RUSSIE","","","44"
"87","ECOLE SUPERIEUR D'AVIATION DE KRASNODAR ","ECOLE SUPERIEUR D'AVIATION DE KRASNODAR ","","","44"
"88","ECOLE SUPERIEUR MILITAIRE DU COMMANDEMENT DU MARECHAL ROKSSOVSKOGO","ECOLE SUPERIEUR MILITAIRE DU COMMANDEMENT DU MARECHAL ROKSSOVSKOGO","","","44"
"89","ECOLE DES SOUS OFFICIERS DU SENEGAL","ECOLE DES SOUS OFFICIERS DU SENEGAL","","","18"
"90","ECOLE MILITAIRE DE SANTE DU SENEGAL","ECOLE MILITAIRE DE SANTE DU SENEGAL","","","18"
"91","ECOLE NATIONALE DES OFFICIERS D'ACTIVE DE THIES","ECOLE NATIONALE DES OFFICIERS D'ACTIVE DE THIES","","","18"
"92","ECOLE NORMALE DES OFFICIERS D'ACTIVES","ECOLE NORMALE DES OFFICIERS D'ACTIVES","","","18"
"93","ECOLE DU SERVICE DE SANTE DES ARMEES DE LOME","ECOLE DU SERVICE DE SANTE DES ARMEES DE LOME","","","19"
"94","ECOLE DE FORMATION DES OFFICIERS DES FORCES ARMEES TOGOLAISES","ECOLE DE FORMATION DES OFFICIERS DES FORCES ARMEES TOGOLAISES","","","19"
"95","ACADEMIE NAVALE DE MENZEL BOURGUIBA","ACADEMIE NAVALE DE MENZEL BOURGUIBA","","","20"
"96","ECOLE D'AVIATION DE BORJ EL AMRI","ECOLE D'AVIATION DE BORJ EL AMRI","","","20"
"97","ECOLE DE SANTE DE TUNISIE","ECOLE DE SANTE DE TUNISIE","","","20"
"98","ECOLE DES SOUS OFFICIERS DE BIZERTE ","ECOLE DES SOUS OFFICIERS DE BIZERTE ","","","20"
"99","ECOLE D'ETAT MAJOR DE TUNIS","ECOLE D'ETAT MAJOR DE TUNIS","","","20"
"3","ACADEMIE MILITAIRE DE CHERCHELL","ACADEMIE MILITAIRE DE CHERCHELL","AMC","AMC","01"
"4","ECOLE SUPERIEURE NAVALE DE TAMENFOUST ","ECOLE SUPERIEURE NAVALE DE TAMENFOUST ","ESN TAMENFOUST","ESN TAMENFOUST","01"
"5","ECOLE MILITAIRE POLYTECHNIQUE D'ALGER","ECOLE MILITAIRE POLYTECHNIQUE D'ALGER","EMP","EMP","01"
"6","ECOLE SUPERIEURE DE L'AIR","ECOLE SUPERIEURE DE L'AIR","ESA","ESA","01"
"7","ECOLE SUPERIEURE DES TECHNIQUES DE L'AERONAUTIQUE","ECOLE SUPERIEURE DES TECHNIQUES DE L'AERONAUTIQUE","ESTA","ESTA","01"
"8","ECOLE SUPERIEUR D'ADMINISTRATION MILITAIRE","ECOLE SUPERIEUR D'ADMINISTRATION MILITAIRE","ESAM","ESAM","01"
"9","ECOLE TECHNIQUE D'INTENDANCE","ECOLE TECHNIQUE D'INTENDANCE","ETI ALGERIE","ETI ALGERIE","01"
"10","ECOLE D'OFFICIER D'ARTILLERIE ALLEMAGNE","ECOLE D'OFFICIER D'ARTILLERIE ALLEMAGNE","","","22"
"11","ECOLE NAVALE DE MURWIK","ECOLE NAVALE DE MURWIK","","","22"
"12","UNIVERSITE MILITAIRE DE MUNICH","UNIVERSITE MILITAIRE DE MUNICH","","","22"
"13","ECOLE D'INFANTERIE DE BELGIQUE","ECOLE D'INFANTERIE DE BELGIQUE","","","45"
"14","ECOLE ROYALE MILITAIRE DE BELGIQUE","ECOLE ROYALE MILITAIRE DE BELGIQUE","","","45"
"15","CENTRE DE PERFECTIONNEMENT AUX ACTIONS POST CONFLICTUELLES DE DEMINAGE ET DEPOLLUTION","CENTRE DE PERFECTIONNEMENT AUX ACTIONS POST CONFLICTUELLES DE DEMINAGE ET DEPOLLUTION","","","04"
"16","ACADEMIE MILITAIRE GEORGES NAMOANO","ACADEMIE MILITAIRE GEORGES NAMOANO","","","05"
"17","ACADEMIE D'INFANTERIE MECANISEE DE CHINE","ACADEMIE D'INFANTERIE MECANISEE DE CHINE","AIMC","AIMC","38"
"18","ACADEMIE NAVALE DE DALIAN","ACADEMIE NAVALE DE DALIAN","","","38"
"19","ACADEMY OF ARTILLERY AND AIR","ACADEMY OF ARTILLERY AND AIR","","","38"
"20","L'ACADEMIE D'INFANTERIE DE L'ARMEE DE TERRE DE CHINE","L'ACADEMIE D'INFANTERIE DE L'ARMEE DE TERRE DE CHINE","AIATC","AIATC","38"
"21","UNIVERSITE D'AVIATION DE L'ARMEE DE L'AIR DE CHANGCHUNE EN CHINE","UNIVERSITE D'AVIATION DE L'ARMEE DE L'AIR DE CHANGCHUNE EN CHINE","UAAAC","UAAAC","38"
"22","ACADEMIE MILITAIRE MARIEN NGOUABI","ACADEMIE MILITAIRE MARIEN NGOUABI","AM MARIEN NGOUABI","AM MARIEN NGOUABI","06"
"23","ACADEMIE DES FORCES ARMEES DE ZAMBAKRO","ACADEMIE DES FORCES ARMEES DE ZAMBAKRO","AFAZ","AFAZ","08"
"26","ECOLE DES FORCES ARMEES DE ZAMBAKRO","ECOLE DES FORCES ARMEES DE ZAMBAKRO","EFAZ","EFAZ","08"
"27","BASE PARACHUTISTE EGYPTE","BASE PARACHUTISTE EGYPTE","","","10"
"28","ECOLE ASSAIQA","ECOLE ASSAIQA","","","10"
"29","ECOLE DU PARACHUTISME","ECOLE DU PARACHUTISME","","","10"
"30","UNITED STATES MILITARY ACADEMY ","UNITED STATES MILITARY ACADEMY ","USMA","USMA","34"
"31","WEST POINT USA","WEST POINT USA","","","34"
"32","CENTRE D'INSTRUCTION NAVAL SAINT MANDRIER","CENTRE D'INSTRUCTION NAVAL SAINT MANDRIER","CINSM","CINSM","03"
"33","ECOLE DE L'AIR DE SALON","ECOLE DE L'AIR DE SALON","EAS FRANCE","EAS FRANCE","03"
"34","COURS SPECIAL DE L'ECOLE NAVALE","COURS SPECIAL DE L'ECOLE NAVALE","CSEN","CSEN","03"
"35","ECOLE D'ADMINISTRATION DE LA MARINE","ECOLE D'ADMINISTRATION DE LA MARINE","EAM FRANCE","EAM FRANCE","03"
"36","ECOLE DE FORMATION INITIALE DES SOUS OFFICIERS NIMES","ECOLE DE FORMATION INITIALE DES SOUS OFFICIERS NIMES","EFISO NIMES","EFISO NIMES","03"
"37","ECOLE DE FORMATION INITIALE DES SOUS OFFICIERS ROCHEFORT","ECOLE DE FORMATION INITIALE DES SOUS OFFICIERS ROCHEFORT","EFISO ROCHEFORT","EFISO ROCHEFORT","03"
"38","ECOLE DE TRANSMISSION ","ECOLE DE TRANSMISSION ","ETRANS FRANCE","ETRANS FRANCE","03"
"39","ECOLES DES COMMISSAIRES DE L'AIR FRANCE","ECOLES DES COMMISSAIRES DE L'AIR FRANCE","ECAA","ECAA","03"
"40","ECOLE DES COMMISSAIRES DE TERRE FRANCE","ECOLE DES COMMISSAIRES DE TERRE FRANCE","ECT FRANCE","ECT FRANCE","03"
"41","ECOLE DES OFFICIERS DE LA GENDARMERIE NATIONALE FRANCE","ECOLE DES OFFICIERS DE LA GENDARMERIE NATIONALE FRANCE","EOGN FRANCE","EOGN FRANCE","03"
"42","ECOLE DU COMMISSARIAT DE LA MARINE","ECOLE DU COMMISSARIAT DE LA MARINE","ECM FRANCE","ECM FRANCE","03"
"43","ECOLE DU COMMISSARIAT DE L'ARMEE DE L'AIR","ECOLE DU COMMISSARIAT DE L'ARMEE DE L'AIR","ECAA FRANCE","ECAA FRANCE","03"
"44","ECOLE DU COMMISSARIAT DE L'ARMEE DE TERRE","ECOLE DU COMMISSARIAT DE L'ARMEE DE TERRE","ECAT FRANCE","ECAT FRANCE","03"
"45","ECOLE ELEMENTAIRE ""STRUCTURES DES AERONEFS""","ECOLE ELEMENTAIRE ""STRUCTURES DES AERONEFS""","EESA FRANCE","EESA FRANCE","03"
"46","ECOLE MILITAIRE CTA DE SAINT CYR-COETQUIDAN","ECOLE MILITAIRE CTA DE SAINT CYR-COETQUIDAN","EMCTA SAINT CYR","EMCTA SAINT CYR","03"
"47","ECOLE MILITAIRE DE LA MARINE FRANCE","ECOLE MILITAIRE DE LA MARINE FRANCE","EMM FRANCE","EMM FRANCE","03"
"48","ECOLE MILITIARE DE L'AIR FRANCE","ECOLE MILITIARE DE L'AIR FRANCE","EMA FRANCE","EMA FRANCE","03"
"49","ECOLE NAVALE DE BREST","ECOLE NAVALE DE BREST","EN BREST","EN BREST","03"
"50","ECOLE NAVALE FRANCE","ECOLE NAVALE FRANCE","EN FRANCE","EN FRANCE","03"
"51","ECOLE SPECIALE MILITAIRE SAINT CYR","ECOLE SPECIALE MILITAIRE SAINT CYR","ESM SAINT CYR","ESM SAINT CYR","03"
"52","ECOLE SUPERIEUR D'INTENDANCE FRANCE","ECOLE SUPERIEUR D'INTENDANCE FRANCE","ESI FRANCE","ESI FRANCE","03"
"53","ECOLE SUPERIEUR ET D'APPLICATION DU MATERIEL","ECOLE SUPERIEUR ET D'APPLICATION DU MATERIEL","ESAM FRANCE","ESAM FRANCE","03"
"54","ECOLE TECHNIQUE DE L'ARMEE DE L'AIR","ECOLE TECHNIQUE DE L'ARMEE DE L'AIR","ETAA","ETAA","03"
"55","ECOLE D'APPLICATION DU SERVICE DE SANTE MILITAIRE DE LIBREVILLE","ECOLE D'APPLICATION DU SERVICE DE SANTE MILITAIRE DE LIBREVILLE","","","11"
"56","ECOLE DE FORMATION IKARON ","ECOLE DE FORMATION IKARON ","","","25"
"57","HELLENIQUE AIR FORCE ACADEMIA","HELLENIQUE AIR FORCE ACADEMIA","","","25"
"58","HELLENIQUE NAVAL ACADEMIA","HELLENIQUE NAVAL ACADEMIA","","","25"
"59","ACADEMIE NAVALE DE LIVOURNE","ACADEMIE NAVALE DE LIVOURNE","","","26"
"60","ECOLE MILITAIRE D'ADMINISTRATION DE KOULIKORO","ECOLE MILITAIRE D'ADMINISTRATION DE KOULIKORO","","","14"
"61","ECOLE MILITAIRE D'APPLICATION DU MALI","ECOLE MILITAIRE D'APPLICATION DU MALI","","","14"
"62","ECOLE MILITAIRE DE KOULIKORO","ECOLE MILITAIRE DE KOULIKORO","","","14"
"63","ECOLE ROYALE NAVALE MAROC","ECOLE ROYALE NAVALE MAROC","ERNM","ERNM","15"
"64","ACADEMIE ROYALE MILITAIRE DE MEKNES","ACADEMIE ROYALE MILITAIRE DE MEKNES","ARM MEKNES","ARM MEKNES","15"
"65","ECOLE ROYALE NAVALE DE CASABLANCA","ECOLE ROYALE NAVALE DE CASABLANCA","ERN","ERN","15"
"66","ACADEMIE ROYALE DU MAROC","ACADEMIE ROYALE DU MAROC","ARM","ARM","15"
"67","BASE ECOLE DES FORCES ROYALE AIR","BASE ECOLE DES FORCES ROYALE AIR","BEFRA","BEFRA","15"
"68","CENTRE D'INSTRUCTION DES SERVICES SOCIAUX DES FORCES ARMEES ROYALES","CENTRE D'INSTRUCTION DES SERVICES SOCIAUX DES FORCES ARMEES ROYALES","CISSFAR","CISSFAR","15"
"69","CENTRE D'INSTRUCTION DU GENIE","CENTRE D'INSTRUCTION DU GENIE","CIG","CIG","15"
"70","ECOLE ROYALE DE L'AIR DE MARRAKECH","ECOLE ROYALE DE L'AIR DE MARRAKECH","ERAM","ERAM","15"
"71","ECOLE ROYALE DE MARRAKECH","ECOLE ROYALE DE MARRAKECH","ERM","ERM","15"
"72","ECOLE ROYALE DES SERVICES DE SANTE MILITAIRE MAROC","ECOLE ROYALE DES SERVICES DE SANTE MILITAIRE MAROC","ERSSM","ERSSM","15"
"73","ECOLE DE FORMATION D'OFFICIERS DE NIAME","ECOLE DE FORMATION D'OFFICIERS DE NIAME","","","16"
"74","ECOLE NATIONALE DES SOUS OFFICIERS D'ACTIVE DE NIAMEY","ECOLE NATIONALE DES SOUS OFFICIERS D'ACTIVE DE NIAMEY","","","16"
"75","NIGERIA DEFENSE ACADEMY ","NIGERIA DEFENSE ACADEMY ","NDA","NDA","17"
"76","ACADEMIE MILITAIRE SUPERIEURE D'AVIATION DE KRASNODOR","ACADEMIE MILITAIRE SUPERIEURE D'AVIATION DE KRASNODOR","","","44"
"77","ECOLE MILITAIRE SUPERIEURE DE COMMANDEMENT DE NOVOSIBIRSK","ECOLE MILITAIRE SUPERIEURE DE COMMANDEMENT DE NOVOSIBIRSK","","","44"
"78","ACADEMIE MILITAIRE SUPERIEURE DE LA DEFENSE ANTIAERIENNE DE YAROSLAV","ACADEMIE MILITAIRE SUPERIEURE DE LA DEFENSE ANTIAERIENNE DE YAROSLAV","","","44"
"79","ACADEMIE MILITAIRE D'ARTILLERIE DE MIKHAILOVSKE DE SAINT PETERSBOURG","ACADEMIE MILITAIRE D'ARTILLERIE DE MIKHAILOVSKE DE SAINT PETERSBOURG","","","44"
"80","ECOLE SUPERIEURE DE LA MER NOIRE DE SEBASTOPOL","ECOLE SUPERIEURE DE LA MER NOIRE DE SEBASTOPOL","","","44"
"81","ACADEMIE MILITAIRE DE DEFENSE ANTI AERIENNE DE TVER","ACADEMIE MILITAIRE DE DEFENSE ANTI AERIENNE DE TVER","","","44"
"82","ACADEMIE MILITAIRE DU SOUTIEN LOGISTIQUE DU GENIE MILITAIRE DE SAINT PETERSBOURG","ACADEMIE MILITAIRE DU SOUTIEN LOGISTIQUE DU GENIE MILITAIRE DE SAINT PETERSBOURG","","","44"
"20ca85f8-6d38-467a-9e34-da506d837c65","CENTRE NATIONAL D’INSTRUCTION ","CENTRE NATIONAL D’INSTRUCTION ","CNI","CNI","02"
"84a5e221-1d36-426a-8946-2f4b619d5dd7","ECOLE D’ETAT-MAJOR ","ECOLE D’ETAT-MAJOR ","EEM","EEM","02"
"b855334f-5774-4a5c-a86a-6ec4dfe608fc","CENTRE D'INSTRUCTION DE LA BA302","CENTRE D'INSTRUCTION DE LA BA302","CI-BA302","CI-BA302","02"
"ad565696-1774-4fcf-8cc7-54de1ec9762c","ECOLE DE LOGISTIQUE ","ECOLE DE LOGISTIQUE ","ELOG","ELOG","02"
"e1376084-26eb-4410-bba7-6b711fabcd64","UNITED STATE COAST GUARD TRAINING CENTER - YORKTOWN","UNITED STATE COAST GUARD TRAINING CENTER - YORKTOWN","USCG RTC","USCG RTC","34"
"c9f1ca75-ef89-46bb-8112-7867506da785","CENTRE D'INSTRUCTION DE LA BASE 101","CENTRE D'INSTRUCTION DE LA BASE 101","CI BA101","CI BA101","02"
"79f52c00-6d65-4acd-9a88-c735a1f9ec1a","CENTRE D'INSTRUCTION DE LA BA 102","CENTRE D'INSTRUCTION DE LA BA 102","CI BA102","CI BA102","02"
"c28eadfc-23c2-4279-98e6-2ebfa7bde0ca","ECOLE INTERNATIONALE DES FORCES DE SECURITE","ECOLE INTERNATIONALE DES FORCES DE SECURITE","EIFORCE","EIFORCE","02"
"0c1e0a55-98c7-49f9-bcbc-d1c6bf78b73a","ECOLES ET CENTRES D’INSTRUCTION","ECOLES ET CENTRES D’INSTRUCTION","ECI","ECI","02"
"9af29f3f-a465-4979-8875-6987e0623e3b","ECOLE D’APPLICATION DES OFFICIERS DE LA MARINE DE DOUALA","ECOLE D’APPLICATION DES OFFICIERS DE LA MARINE DE DOUALA","EAOMN","EAOMN","02"
"a0d503d0-dc12-4d49-904b-9289c27b661d","ECOLE DE PLONGEE D’ISSONGO ET ACTION EN MER","ECOLE DE PLONGEE D’ISSONGO ET ACTION EN MER","EPAEM","EPAEM","02"
"276d80cc-492b-4502-a6a6-b49b35c6af3b","CENTRE D’INSTRUCTION NAVAL DES SPECIALITES","CENTRE D’INSTRUCTION NAVAL DES SPECIALITES","CINAS","CINAS","02"
"51c963c1-ff45-4c34-bb75-d476e52a54ff","CIES","CIES","CIES","CIES","02"
"3cfb2659-d649-41c9-a54b-c8e7a1826602","CENTRE D’INSTRUCTION ET DE PERFECTIONNEMENT DES FUSILIERS MARINS DE MAN O’WAR BAY","CENTRE D’INSTRUCTION ET DE PERFECTIONNEMENT DES FUSILIERS MARINS DE MAN O’WAR BAY","CIPFUMAR","CIPFUMAR","02"
"27b810c8-e9e1-484d-8111-fba418783f35","CENTRE D'INSTRUCTION DE LA BRIGADE DU QUARTIER GENERAL","CENTRE D'INSTRUCTION DE LA BRIGADE DU QUARTIER GENERAL","CI-BQG","CI-BQG","02"
"2e2df4b0-2572-46a9-b746-a61fa58cfef4","CENTRE D’ENTRAINEMENT ET D’AGUERRISSEMENT EN ZONE SAHELIENNE","CENTRE D’ENTRAINEMENT ET D’AGUERRISSEMENT EN ZONE SAHELIENNE","CEAS","CEAS","02"
"028ee7b5-3bbe-44b3-9d58-926874d55047","NAVAL WAR COLLEGE - NEWPORT","NAVAL WAR COLLEGE - NEWPORT","NWC","NWC","34"
"82a319ff-fb24-4fe5-8f07-48ea34879cc5","CENTRE D’ENTRAINEMENT ET D’AGUERRISSEMENT EN ZONE SAHELIENNE","CENTRE D’ENTRAINEMENT ET D’AGUERRISSEMENT EN ZONE SAHELIENNE","CEAS","CEAS","02"
"509589ee-6a40-4e83-9130-ee75dffe8879","CENTRE D’ENTRAINEMENT ET D’AGUERRISSEMENT EN ZONE MONTAGNEUSE","CENTRE D’ENTRAINEMENT ET D’AGUERRISSEMENT EN ZONE MONTAGNEUSE","CEAM","CEAM","02"
"8c64b3f7-26f6-441e-8ed1-d7e6308c0987","INSTITUT PANAFRICAIN DE FORMATION PARA-MEDICALE","INSTITUT PANAFRICAIN DE FORMATION PARA-MEDICALE","IPAF PM","IPAF PM","02"
"385482c9-f12a-46e2-9209-697022f99697","ECOLE DES METIERS DE L’ARMEE DE L’AIR","ECOLE DES METIERS DE L’ARMEE DE L’AIR","ECMAA","ECMAA","02"
"8d4129be-0594-4eec-81f2-e126bb114963","PANVR","PANVR","PANVR","PANVR","02"
"3f844e39-feb0-46ba-a271-4d5a4195c246","CENTRE D'INSTRUCTION DES FORCES SPECIALES","CENTRE D'INSTRUCTION DES FORCES SPECIALES","FSC","FSC","02"
"6f098fc2-31e8-40e0-96e4-e1fccb735430","CENTRE D'INSTRUCTION DES SERVICES SOCIAUX","CENTRE D'INSTRUCTION DES SERVICES SOCIAUX","CISS","CISS","15"
"2da46f8e-6a98-43ad-88f2-646dae50f72b","ARMY WAR COLLEGE","ARMY WAR COLLEGE","AWC","AWC","39"
"517199cd-4add-48a4-8d62-68a742be9c47","ECOLE  D'APPLICATION DES ARMES D'EL HAMMA","ECOLE D'APPLICATION DES ARMES D'EL HAMMA","EADAH","EADAH","20"
"eea64336-0694-4301-a048-15290d90f95a","ECOLE A VOCATION REGIONALE DU GENIE DES TRAVAUX DE MAKABADILOU","ECOLE A VOCATION REGIONALE DU GENIE DES TRAVAUX DE MAKABADILOU","EVRGTM","EVRGTM","06"
"154bb26f-85a2-4c5c-8f42-3da3be133008","BERTOUA","BERTOUA","BERT","BERT","02"
"54295c8b-d544-4253-804e-e251b500d2c7","OBALA","OBALA","OBA","OBA","02"
"4912afb5-7117-4725-b9a6-30b526d8109c","GROUPEMENT TEMPORAIRE DU 11°BIM","GROUPEMENT TEMPORAIRE DU 11°BIM","GTI 11°BIM","GTI 11°BIM","02"
"4af0f99e-4981-4ce3-9b5b-af6b19b1a3f9","ECOLE MILITAIRE INTERARMEES","ECOLE MILITAIRE INTERARMEES","EMIA","EMIA","02"
"58aa217d-bdcd-4092-a831-930eadffe647","CENTRE DE FORMATION TECHNIQUE DES ARMEES ","CENTRE DE FORMATION TECHNIQUE DES ARMEES ","CFTA","CFTA","02"
"6a3589bb-dc73-4221-9871-03f50384ba68","CENTRE D’INSTRUCTION DES ELEVES SOUS-OFFICIERS ","CENTRE D’INSTRUCTION DES ELEVES SOUS-OFFICIERS ","CIESO","CIESO","02"
"8261454c-5d55-4a7d-9577-3331dd884e4e","CENTRE DE PERFECTIONNEMENT ET D’ENTRAINEMENT DES FORCES ARMEES NATIONALES","CENTRE DE PERFECTIONNEMENT ET D’ENTRAINEMENT DES FORCES ARMEES NATIONALES","CPEFAN","CPEFAN","02"
"1cbf6c3c-cb62-4fed-90d9-aa528b569cc9","CENTRE D’INSTRUCTION DES FORCES ARMEES NATIONALES ","CENTRE D’INSTRUCTION DES FORCES ARMEES NATIONALES ","CIFAN","CIFAN","02"
"8682b2c8-7a0f-4e43-8062-327e7c8e8c76","CENTRE D’INSTRUCTION DE DJOUM ","CENTRE D’INSTRUCTION DE DJOUM ","CI-DJOUM","CI-DJOUM","02"
"5fb2aef3-dc71-491a-b7d5-ca02bfcf70a7","CENTRE D’INSTRUCTION DES SPECIALISTES DES ARMEES ","CENTRE D’INSTRUCTION DES SPECIALISTES DES ARMEES ","CISA","CISA","02"
"42eb32c0-ce52-45ea-a778-6d6c96196227","CENTRE SPECIALISE D’INSTRUCTION D’APPLICATION ET DE PERFECTIONNEMENT DU GENIE","CENTRE SPECIALISE D’INSTRUCTION D’APPLICATION ET DE PERFECTIONNEMENT DU GENIE","CSIAP-GENIE","CSIAP-GENIE","02"
"5e5289a4-51a8-4836-8ec8-4af58418dcc2","CENTRE D'INSTRUCTION DE LA BASE 501","CENTRE D'INSTRUCTION DE LA BASE 501","CI-BA501","CI-BA501","02"
"cb958b84-a395-499c-9dc5-cad08ea3549e","CENTRE D'INSTRUCTION DE LA BA401","CENTRE D'INSTRUCTION DE LA BA401","CI-BA401","CI-BA401","02"
"3036ae4a-23a1-465f-a8af-2c0373603187","ECOLE SUPERIEURE INTERNATIONALE DE GUERRE ","ECOLE SUPERIEURE INTERNATIONALE DE GUERRE ","ESIG","ESIG","02"
"33b09f79-2bb5-400a-8a96-96652038bf02","CENTRE D'INSTRUCTION DU BATAILLON D'INTERVENTION RAPIDE","CENTRE D'INSTRUCTION DU BATAILLON D'INTERVENTION RAPIDE","CI-BIR","CI-BIR","02"
"18affb74-c5e0-4639-8e91-f1ba368204f4","GROUPEMENT TEMPORAIRE D'INSTRUCTION DU 14°BIM","GROUPEMENT TEMPORAIRE D'INSTRUCTION DU 14°BIM","GTI 14°BIM","GTI 14°BIM","02"
"9fb1cb45-c48e-4f55-8368-8b0879d453c2","ECOLE SUPERIEURE ET D'APPLICATION DES TRANSMISSIONS DE RENNES","ECOLE SUPERIEURE ET D'APPLICATION DES TRANSMISSIONS DE RENNES","ESAT","ESAT","03"
"f431aceb-6540-4f30-bc71-03c7a31bd212","CENTRE DE PERFECTIONNEMENT ET TECHNIQUE AU MAINTIEN DE L'ORDRE","CENTRE DE PERFECTIONNEMENT ET TECHNIQUE AU MAINTIEN DE L'ORDRE","CPTMO","CPTMO","02"
"61592905-7dfd-447a-91a9-5773ae275c0b","REGIMENT D'ARTILLERIE SOL-SOL","REGIMENT D'ARTILLERIE SOL-SOL","RASS","RASS","02"
"ed195e43-c235-4494-aa1e-10019b5a0847","REGIMENT D'ARTILLERIE SOL-AIR","REGIMENT D'ARILLERIE SOL-AIR","RASA","RASA","02"
"d59afc85-e8fa-4603-b47b-8e1dc653e81d","CENTRE DE FORMATION DU PERSONNEL PARA-MEDICALE","ENTRE DE FORMATION DU PERSONNEL PARA-MEDICALE","CFPP","CFPP","02"
"01594595-2fb7-4b8a-94a3-b54850cf4367","CI MINKAMA","CI MINKAMA","CIMIN","CIMIN","02"
"c9ab46e3-8647-4966-8fa4-463b9b2e40e1","CENTRE D'INSTRUCTION DES FORCES SPECIALES TCHABAL","CENTRE D'INSTRUCTION DES FORCES SPECIALES TCHABAL","CI-FS TCHABAL","CI-FS TCHABAL","02"
"266249e7-ffc4-4efc-b03a-f574bef92c13","COLLEGE ROYAL DE L'ENSEIGNEMENT MILITAIRE SUPERIEUR","COLLEGE ROYAL DE L'ENSEIGNEMENT MILITAIRE SUPERIEUR","CREMS","CREMS","15"
"02789506-5c5e-4fc6-9e23-dbe4fb4f66fe","CI KOUTABA","CI KOUTABA","CIKT","CIKT","02"
"62fc9081-60d8-4112-bf03-c54d58723dba","ACADEMIE DE LOGISTIQUE DE OUIDAH","ACADEMIE DE LOGISTIQUE DE OUIDAH","ALO","ALO","04"
"b0e097b3-b2e3-46fb-a743-333f6e43aba6","AIR FORCE ADMINISTRATIVE COLLEGE","AIR FORCE ADMINISTRATIVE COLLEGE","AFAC","AFAC","39"
"454da303-0cd3-4c4d-a51b-0c88f327ad58","ECOLE ROYALE MILITAIRE DU PERSONNEL PARAMEDICAL ","ECOLE ROYALE MILITAIRE DU PERSONNEL PARAMEDICAL ","ERMPP","ERMPP","15"
"36c3b49f-8204-45c0-9afd-ed45089c6b6b","ECOLE ROYALE DES OFFICIERS DE LA GENDARMERIE","ECOLE ROYALE DES OFFICIERS DE LA GENDARMERIE","EROG","EROG","15"
"47db4b20-0d80-4b78-98ea-1a8e5eeadd48","CENTRE D'INSTRUCTION DE L'INTENDANCE  A  SALE","CENTRE D'INSTRUCTION DE L'INTENDANCE  A  SALE","CIIS","CIIS","15"
"f2bb49b4-6bf8-42dc-9119-da3cdcb497dc","ACADEMIE MILITAIRE DES AIGUILLES NOIRES","ACADEMIE MILITAIRE DES AIGUILLES NOIRES","AMAN","AMAN","35"
"c2c0cc32-f7cc-4859-8b76-ac7b570d121e","ECOLE NAVALE DE RIO DE JANEIRO","ECOLE NAVALE DE RIO DE JANEIRO","ENRJ","ENRJ","35"
"849140b6-c873-41c1-9e63-6fbe0283bab5","INSTITUT SUPERIEUR D'ETUDES DE PROTECTION CIVILE ","INSTITUT SUPERIEUR D'ETUDES DE PROTECTION CIVILE ","ISEPC","ISEPC","05"
"727f261a-7284-4f74-912c-e69936dfdc36","ECOLE DE LA MARINE ROYALE BRITANNIQUE DE FAREHAM","ECOLE DE LA MARINE ROYALE BRITANNIQUE DE FAREHAM","EMRB","EMRB","23"
"e45aa027-b2ca-4b0b-9700-b532e401e996","COMECIIA par Equivalence","COMECIIA par Equivalence","COMECIIA PE","COMECIAA PE","02"
"00da08bf-498b-47fb-9e87-2595e2909d55","CENTRE D'INSTRUCTION DE LA BA301","CENTRE D'INSTRUCTION DE LA BA301","CI-BA301","CI-BA301","02"
"d0686317-7d56-4685-ad00-22c53a41f13b","CENTRE D'INSTRUCTION DE LA BA201","CENTRE D'INSTRUCTION DE LA BA201","CI-BA201","CI-BA201","02"
"181989be-38b4-49e0-a32d-9dcffada8ac2","US NAVAL ACADEMY","US NAVAL ACADEMY","USNA","USNA","34"
"02206e02-0dab-492b-9bf8-830035ad6793","CHARLES DE GAULE","CHARLES DE GAULE","CG","CG","11"
"4a38cdb7-e730-458e-8c0c-89328fd65163","ECOLE D'APPLICATION ET DE PERFECTIONNEMENT DES OFFICIERS DE LA MARINE","ECOLE D'APPLICATION ET DE PERFECTIONNEMENT DES OFFICIERS DE LA MARINE","ECAPOM","ECAPOM","02"
"cd3669b7-d08d-4604-9727-877e933696e2","INSTITUT D'INFANTERIE","INSTITUT D'INFANTERIE","IA","IA","10"
"4fa2c189-b2d4-4a16-ab1a-2c426fa10186","EXPEDITIONARY WARFARE TRAINING GROUP PACIFIC - SAN DIEGO","EXPEDITIONARY WARFARE TRAINING GROUP PACIFIC - SAN DIEGO","EWTGPAC","EWTGPAC","34"
"78fa6356-8255-4d84-b328-342e1b6dd061","ECOLE D'ETAT MAJOR DE LIBREVILLE","ECOLE D'ETAT MAJOR DE LIBREVILLE","EEML","EEML","11"
"aafd16a9-9200-4fc6-aa0f-a4c07278fb5b","NAVAL UNIVERSITY CHINE","NAVAL UNIVERSITY CHINE","NUC","NUC","38"
"a5d6b8dd-eb43-4c22-9f72-191cfc3fd4a8","COURS SPECIAL DE L'ECOLE DE L'AIR","COURS SPECIAL DE L'ECOLE DE L'AIR","CSEA","CSEA","03"
"2be662c0-ee25-4575-b54b-069cee23cc64","BATAILLON BLINDE DE RECONNAISSANCE","BATAILLON BLINDE DE RECONNAISSANCE","BBR","BBR","02"
"4476f750-3526-469b-a023-dd31c9ecd3d7","CENTRE DE PERFECTIONNEMENT A  LA POLICE JUDICIAIRE","CENTRE DE PERFECTIONNEMENT A  LA POLICE JUDICIAIRE","CPPJ","CPPJ","02"
"9c494782-c3a9-4a3a-a34f-2565587051a2","MILITARY COLLEGEOF ELECTRONICS AND MECHANICAL ENGINEERING","MILITARY COLLEGEOF ELECTRONICS AND MECHANICAL ENGINEERING","MCEME","MCEME","39"
"af3061b2-6f6e-4284-8469-a49586c79ba5","INS DE HAMLA","INS DE HAMLA","INSH","INSH","39"
"3deac316-1713-4492-9106-fe635e307ee7","INSTITUS DES DROIT MILITAIRES","INSTITUS OF MILITRY LAW","IDM","IML","39"
"43762d6e-5769-4634-8e79-7400362b8033","EPIG","EPIG","EPG","EPG","02"
"309e32b5-bbcc-4e98-8da2-10544b3be932","LOGISTICS UNIVERSITY FORT GREEG-ADAM-VIRGINIA","LOGISTICS UNIVERSITY FORT GREEG-ADAM-VIRGINIA","LUFGAV","LUFGAV","34"
"e5fd8224-be57-4d06-ae6e-216dc3b4ff7a","NAVAL POSTGRADUATE SCHOOL A MONTEREY","NAVAL POSTGRADUATE SCHOOL A MONTEREY","NPSM","NPSM","34"
"be550e68-449a-4fe5-a344-96f3d819f39a","ECOLE DES SOUS OFFICIERS DES FORCES NAVALES","ECOLE DES SOUS OFFICIERS DES FORCES NAVALES","ESOFN","ESOFN","01"
"f54d9175-9b57-40e5-96db-6eb8bb176c4a","ECOLE INFIRMIER MAROUA","ECOLE INFIRMIER MAROUA","ECINM","ECINM","02"
"94d89383-aba5-483e-9743-e0785eba731f","FACULTE DE MEDECINE ET DE PHARMACIE DE MARRAKECH","FACULTE DE MEDECINE ET DE PHARMACIE DE MARRAKECH","FMP","FMP","15"
"d0ea5e9c-4bf1-417e-8687-48e9c34bd8fc","ECOLE DE COMMANDEMENT DE L'ARMEE DE TERRE DE NANJING","ECOLE DE COMMANDEMENT DE L'ARMEE DE TERRE DE NANJING","ECATN","ECATN","38"
"43143fc2-3144-4744-816e-d3a59357cb26","CENTRE D'INSTRUCTION DE LA GARDE PRESIDENTIELLE","CENTRE D'INSTRUCTION DE LA GARDE PRESIDENTIELLE","CI-GP","CI-GP","02"
"4c023666-cdde-46f8-9cab-d054cd398180","CENTRE D'INSTRUCTION BATAILLON DES TROUPES AEROPORTEES","CENTRE D'INSTRUCTION BATAILLON DES TROUPES AEROPORTEES","CI-BTAP","CI-BTAP","02"
"03daceb4-da1e-4a77-9335-aa8ee201fcf6","CENTRE D'ENTRAINEMENT ET D'AGUERRISSEMENT EN ZONE FORESTIERE","CENTRE D'ENTRAINEMENT ET D'AGUERRISSEMENT EN ZONE FORESTIERE","CEAF","CEAF","02"
"5475bb9b-cff1-4ba0-83fe-e406626889f5","CENTRE D'INSTRUCTION DE LA BASE AERIENNE 401","CENTRE D'INSTRUCTION DE LA BASE AERIENNE 401","CI-BA401","CI-BA401","02"
"da397fb9-3d6e-46fb-a992-39f08e7d6cdd","CHARLES DE GAULLE","CHARLES DE GAULLE","CG","CG","02"
"0e457472-48fe-4c03-96d2-91d68db59a76","21° REGEN","21° REGEN","21°REG","21°REG","02"
"30ffbcfb-f146-445b-9f2e-9076f4145748","CENTRE D'INSTRUCTION DE LA MARINE ROYALE","CENTRE D'INSTRUCTION DE LA MARINE ROYALE","CIMR","CIMR","15"
"a507448b-1b23-422b-b578-31888353ea08","ACADEMIE NAVALE DES ETATS UNIS","ACADEMIE NAVALE DES ETATS UNIS","ANES","ANES","02"
"67618f98-c2c5-4e17-a9cd-30a57782da8c","MTAP-CAMP ALDERSHOT","MTAP-CAMP ALDERSHOT","MTAP-CA","MTAP-CA","33"
"2e8ed254-3cd1-45b7-af28-5764e7fe5fba","DAT BOUAKE","DAT BOUAKE","DAT ","DAT","08"
"c6827c34-7ab7-4908-94da-6ae9446267ca","BATAILLON DES TRANSMISSIONS","BATAILLON DES TRANSMISSIONS","BATRANS","BATRANS","02"
"50b1cd39-fbb5-4d34-98e5-298341535e55","ECOLE DE L'AVIATION DE TRANSPORT","ECOLE DE L'AVIATION DE TRANSPORT","EAT","EAT","03"
"62d3fef2-d9c4-4858-8faa-a79e5926c549","EPAA","EPAA","EPAA","EPAA","03"
"70656748-7296-46f1-a53f-7b0a53912bd8","ACADEMIE NAVALE DE SAINT-PETERSBOURG","ACADEMIE NAVALE DE SAINT-PETERSBOURG","ANSP","ANSP","44"
"42d62e46-c50f-42f4-816e-b94c5a99cbaf","ARMED FORCES COMMAND AND STAFF COLLEGE","ARMED FORCES COMMAND AND STAFF COLLEGE","AFCSC","AFCSC","17"
"80a5a724-dfa5-4fef-8a5a-165c9c6ae652","ECOLE D'ADMINISTRATION DES FORCES DE DEFENSES DE LIBREVILLE","ECOLE D'ADMINISTRATION DES FORCES DE DEFENSES DE LIBREVILLE","EAFDL","EAFDL","11"
"2bb57272-5944-4938-ae19-b0203ee22872","NATIONAL DEFENCE ACADEMY","NATIONAL DEFENCE ACADEMY","NDA","NDA","39"
"8ac6547d-901e-4bfe-82c3-8ec29cae357a","MECHANISED INFANTRY CENTRE & SCHOOL","MECHANISED INFANTRY CENTRE & SCHOOL","MIC&S","MIC&S","39"
"3e9b63e6-f518-4cdb-90ed-a32fab5bc198","ECOLE ROYALE DE TRANSPORT ET DE LOGISTIQUE","ECOLE ROYALE DE TRANSPORT ET DE LOGISTIQUE","ERTL","ERTL","15"
"dbeee912-46a5-42eb-853f-781f85893849","CENTRE D'INSTRUCTION DU BATAILLON SPECIALE AMPHIBIE","CENTRE D'INSTRUCTION DU BATAILLON SPECIALE AMPHIBIE","CI-BSA","CI-BSA","02"
"ae76c127-a45f-4dab-ae61-95c2fb59b892","ASC CENTRE AND COLLEGE","ASC CENTRE AND COLLEGE","ASC","ASC","39"
"01627a63-8ddc-4b1f-b2b6-758b77c79db3","CENTRE D'INSTRUCTION DES BLINDES","CENTRE D'INSTRUCTION DES BLINDES","CIB","CIB","15"
"ac2f904d-94e4-4274-be04-76271d6ebb29","ACADEMIE DE LA POLICE SPECIALE DE LA POLICE DE BEIJING","ACADEMIE DE LA POLICE SPECIALE DE LA POLICE DE BEIJING","APS","APS","38"
"35e965ad-a8c5-43f2-867d-4c1c7097b556","COLLEGE OF MILITARY ENGINEERING OF PUNE","COLLEGE OF MILITARY ENGINEERING OF PUNE","CME","CME","39"
"4fef424a-f9fa-4cb3-a92b-3d488c635919","ECOLE DES OFFICIERS DE LA GENDARMERIE NATIONALE DR SONFONIA","ECOLE DES OFFICIERS DE LA GENDARMERIE NATIONALE DR SONFONIA","EOGNS","EOGNS","GIN"
"9076a270-cce7-4eb3-ab7c-0c8bd9e5319f","ARMY INSTITUTE OF PHYSICAL TRAINING","ARMY INSTITUTE OF PHYSICAL TRAINING","AIPT","AIPT","39"
"27b7c5c5-0c36-4efc-9d4d-4f3b6fb91162","ECOLE DES SPECIALITES DU GENIE","ECOLE DES SPECIALITES DU GENIE","ESG","ESG","20"
